Variables,VIF
bio02,1.1476737553033747
bio08,1.6374068683172867
bio09,1.6134372766506657
bio13,1.0749831104547996
bio19,1.2302564804786909
